lemma,layer,seed_42,seed_123,seed_456,seed_789,seed_1011,seed_1213,seed_1415,median
bank,0,-0.00047837666574094536,0.008083617125583625,0.0001275707257911206,-0.0006579175356970961,0.0006446807210702496,0.014911333900818976,0.007341241275703421,0.0006446807210702496
bank,3,0.6916234530515283,0.6916234530515283,0.6916234530515283,0.6916234530515283,0.6916234530515283,0.6916234530515283,0.6916234530515283,0.6916234530515283
bank,6,0.019088117326155774,0.019088117326155774,0.019088117326155774,0.019088117326155774,0.019088117326155774,0.019088117326155774,0.019088117326155774,0.019088117326155774
bat,0,0.12452092295658976,0.12452092295658976,0.12452092295658976,0.12452092295658976,0.12452092295658976,0.12452092295658976,0.12452092295658976,0.12452092295658976
bat,3,0.9047301619001611,0.9047301619001611,0.9047301619001611,0.9047301619001611,0.9047301619001611,0.9047301619001611,0.9047301619001611,0.9047301619001611
bat,6,0.9047301619001611,0.9047301619001611,0.9047301619001611,0.9047301619001611,0.9047301619001611,0.9047301619001611,0.9047301619001611,0.9047301619001611
pitch,0,0.0918009810791871,0.0918009810791871,0.0918009810791871,0.14435879467414156,0.0918009810791871,0.0918009810791871,0.15532178217821782,0.0918009810791871
pitch,3,0.8635696821515892,0.8635696821515892,0.8635696821515892,0.8635696821515892,0.8635696821515892,0.8635696821515892,0.8635696821515892,0.8635696821515892
pitch,6,0.9072368421052631,0.9072368421052631,0.9072368421052631,0.9072368421052631,0.9072368421052631,0.9072368421052631,0.9072368421052631,0.9072368421052631
run,0,-0.009250365090316535,-0.00041142837520971717,0.012385514035207601,0.004584921696735266,-0.008747458544521145,-0.005491637173779899,-0.008927487073902738,-0.005491637173779899
run,3,0.8664095512752295,0.8664095512752295,0.8664095512752295,0.8664095512752295,0.8664095512752295,0.8664095512752295,0.8664095512752295,0.8664095512752295
run,6,0.9099064948984781,0.9099064948984781,0.9099064948984781,0.9099064948984781,0.9099064948984781,0.9099064948984781,0.9099064948984781,0.9099064948984781
