lemma,layer,seed_42,seed_123,seed_456,seed_789,seed_1011,seed_1213,seed_1415,median
bank,0,3.0861994381412674,3.749950822020409,3.4211863522160977,3.334501529214105,3.555793709813761,4.264023920005055,4.044993888951009,3.555793709813761
bank,3,1.62190563536085,1.62190563536085,1.62190563536085,1.62190563536085,1.62190563536085,1.62190563536085,1.62190563536085,1.62190563536085
bank,6,1.476992761123284,1.476992761123284,1.476992761123284,1.476992761123284,1.476992761123284,1.476992761123284,1.476992761123284,1.476992761123284
bat,0,1.7333660499441557,1.7333660499441557,1.7333660499441557,1.7333660499441557,1.7333660499441557,1.7333660499441557,1.7333660499441557,1.7333660499441557
bat,3,1.3936743191000418,1.3936743191000418,1.3936743191000418,1.3936743191000418,1.3936743191000418,1.3936743191000418,1.3936743191000418,1.3936743191000418
bat,6,1.2877231930836053,1.2877231930836053,1.2877231930836053,1.2877231930836053,1.2877231930836053,1.2877231930836053,1.2877231930836053,1.2877231930836053
pitch,0,0.9701985413422856,0.9701985413422856,0.9701985413422856,1.2718629885371107,0.9701985413422856,0.9701985413422856,1.5122930143748274,0.9701985413422856
pitch,3,1.4763388377450102,1.4763388377450102,1.4763388377450102,1.4763388377450102,1.4763388377450102,1.4763388377450102,1.4763388377450102,1.4763388377450102
pitch,6,1.0936985744688834,1.0936985744688834,1.0936985744688834,1.0936985744688834,1.0936985744688834,1.0936985744688834,1.0936985744688834,1.0936985744688834
run,0,3.2807296497383454,4.139587828644736,3.0431382731942707,2.049196748147355,3.090166703877262,3.454954020724931,2.4885161409519676,3.090166703877262
run,3,1.4254281562708253,1.4254281562708253,1.4254281562708253,1.4254281562708253,1.4254281562708253,1.4254281562708253,1.4254281562708253,1.4254281562708253
run,6,1.3021339786933375,1.3021339786933375,1.3021339786933375,1.3021339786933375,1.3021339786933375,1.3021339786933375,1.3021339786933375,1.3021339786933375
