lemma,layer,seed_42,seed_123,seed_456,seed_789,seed_1011,seed_1213,seed_1415,median
bank,0,6.931219705225945e-05,0.014198210633523766,0.002412449536565072,0.0001746368732167993,0.0025138909344954775,0.017680021680759734,0.013188725397208974,0.0025138909344954775
bank,3,0.659737114194062,0.659737114194062,0.659737114194062,0.659737114194062,0.659737114194062,0.659737114194062,0.659737114194062,0.659737114194062
bank,6,0.10806496399729813,0.10806496399729813,0.10806496399729813,0.10806496399729813,0.10806496399729813,0.10806496399729813,0.10806496399729813,0.10806496399729813
bat,0,0.10779455579894391,0.10779455579894391,0.10779455579894391,0.10779455579894391,0.10779455579894391,0.10779455579894391,0.10779455579894391,0.10779455579894391
bat,3,0.8605914650528118,0.8605914650528118,0.8605914650528118,0.8605914650528118,0.8605914650528118,0.8605914650528118,0.8605914650528118,0.8605914650528118
bat,6,0.8605914650528118,0.8605914650528118,0.8605914650528118,0.8605914650528118,0.8605914650528118,0.8605914650528118,0.8605914650528118,0.8605914650528118
pitch,0,0.022169915622564956,0.022169915622564956,0.022169915622564956,0.04693314207303413,0.022169915622564956,0.022169915622564956,0.07079073083465062,0.022169915622564956
pitch,3,0.7475433200127118,0.7475433200127118,0.7475433200127118,0.7475433200127118,0.7475433200127118,0.7475433200127118,0.7475433200127118,0.7475433200127118
pitch,6,0.8108082864341375,0.8108082864341375,0.8108082864341375,0.8108082864341375,0.8108082864341375,0.8108082864341375,0.8108082864341375,0.8108082864341375
run,0,0.006693215059888286,3.308903416445943e-05,0.004719397644574849,0.00158386906291901,0.004449560136241632,0.0024225236773780644,0.006536812270074144,0.004449560136241632
run,3,0.8135282357719152,0.8135282357719152,0.8135282357719152,0.8135282357719152,0.8135282357719152,0.8135282357719152,0.8135282357719152,0.8135282357719152
run,6,0.8459484549847028,0.8459484549847028,0.8459484549847028,0.8459484549847028,0.8459484549847028,0.8459484549847028,0.8459484549847028,0.8459484549847028
