lemma,layer,seed_42,seed_123,seed_456,seed_789,seed_1011,seed_1213,seed_1415,median
bank,0,0.026726970449090004,0.055000822991132736,0.02410225197672844,-0.008703949861228466,0.03921552747488022,0.042358655482530594,0.04530593007802963,0.03921552747488022
bank,3,0.35664382576942444,0.35664382576942444,0.35664382576942444,0.35664382576942444,0.35664382576942444,0.35664382576942444,0.35664382576942444,0.35664382576942444
bank,6,0.030058478936553,0.030058478936553,0.030058478936553,0.030058478936553,0.030058478936553,0.030058478936553,0.030058478936553,0.030058478936553
bat,0,0.3506140112876892,0.3506140112876892,0.3506140112876892,0.3506140112876892,0.3506140112876892,0.3506140112876892,0.3506140112876892,0.3506140112876892
bat,3,0.4476568102836609,0.4476568102836609,0.4476568102836609,0.4476568102836609,0.4476568102836609,0.4476568102836609,0.4476568102836609,0.4476568102836609
bat,6,0.4954982101917267,0.4954982101917267,0.4954982101917267,0.4954982101917267,0.4954982101917267,0.4954982101917267,0.4954982101917267,0.4954982101917267
pitch,0,0.10987112671136856,0.10987112671136856,0.10987112671136856,0.17330320179462433,0.10987112671136856,0.10987112671136856,0.2968442738056183,0.10987112671136856
pitch,3,0.4357798993587494,0.4357798993587494,0.4357798993587494,0.4357798993587494,0.4357798993587494,0.4357798993587494,0.4357798993587494,0.4357798993587494
pitch,6,0.5872237086296082,0.5872237086296082,0.5872237086296082,0.5872237086296082,0.5872237086296082,0.5872237086296082,0.5872237086296082,0.5872237086296082
run,0,-0.013717436231672764,0.00895125325769186,0.05164278298616409,0.0053199161775410175,0.05683748051524162,0.005518872290849686,0.016488103196024895,0.00895125325769186
run,3,0.4364525377750397,0.4364525377750397,0.4364525377750397,0.4364525377750397,0.4364525377750397,0.4364525377750397,0.4364525377750397,0.4364525377750397
run,6,0.48297733068466187,0.48297733068466187,0.48297733068466187,0.48297733068466187,0.48297733068466187,0.48297733068466187,0.48297733068466187,0.48297733068466187
