lemma,layer,seed_42,seed_123,seed_456,seed_789,seed_1011,seed_1213,seed_1415,median
bank,0,0.074975875255272,0.074975875255272,0.074975875255272,0.074975875255272,0.074975875255272,0.074975875255272,0.074975875255272,0.074975875255272
bank,3,0.9807510640316338,0.9807510640316338,0.9807510640316338,0.9807510640316338,0.9807510640316338,0.9807510640316338,0.9807510640316338,0.9807510640316338
bank,6,0.9845859009294149,0.9845859009294149,0.9845859009294149,0.9845859009294149,0.9845859009294149,0.9845859009294149,0.9845859009294149,0.9845859009294149
bat,0,0.6473126716359356,0.6473126716359356,0.6473126716359356,0.6473126716359356,0.6473126716359356,0.6473126716359356,0.6473126716359356,0.6473126716359356
bat,3,0.7578125,0.7578125,0.7578125,0.7578125,0.7578125,0.7578125,0.7578125,0.7578125
bat,6,0.874983738779758,0.874983738779758,0.874983738779758,0.874983738779758,0.874983738779758,0.874983738779758,0.874983738779758,0.874983738779758
pitch,0,0.2906888621752992,0.2906888621752992,0.2906888621752992,0.2906888621752992,0.2906888621752992,0.2906888621752992,0.2906888621752992,0.2906888621752992
pitch,3,0.9523758192480165,0.9523758192480165,0.9523758192480165,0.9523758192480165,0.9523758192480165,0.9523758192480165,0.9523758192480165,0.9523758192480165
pitch,6,0.8627702385335076,0.8627702385335076,0.8627702385335076,0.8627702385335076,0.8627702385335076,0.8627702385335076,0.8627702385335076,0.8627702385335076
