lemma,layer,value
bank,0,0.3125418081306559
bank,3,0.34533670859233145
bank,6,0.7003788811861444
bat,0,0.6151565234299047
bat,3,0.7332457293035479
bat,6,0.8620856990343088
pitch,0,0.28175299872679754
pitch,3,0.6959529946444813
pitch,6,0.0747117663066926
