lemma,layer,value
bank,0,31.949190139770508
bank,3,3.8789002895355225
bank,6,9.602363586425781
bat,0,27.324628829956055
bat,3,6.716132640838623
bat,6,5.738791465759277
pitch,0,65.74701690673828
pitch,3,3.66451096534729
pitch,6,2.2690963745117188
