lemma,layer,seed_42,seed_123,seed_456,seed_789,seed_1011,seed_1213,seed_1415,median
bank,0,1901.661376953125,1901.661376953125,1901.661376953125,1901.661376953125,1901.661376953125,1901.661376953125,1901.661376953125,1901.661376953125
bank,3,15.97447681427002,15.97447681427002,15.97447681427002,15.97447681427002,15.97447681427002,15.97447681427002,15.97447681427002,15.97447681427002
bank,6,22.385042190551758,22.385042190551758,22.385042190551758,22.385042190551758,22.385042190551758,22.385042190551758,22.385042190551758,22.385042190551758
bat,0,42.30302047729492,42.30302047729492,42.30302047729492,42.30302047729492,42.30302047729492,42.30302047729492,42.30302047729492,42.30302047729492
bat,3,7.440720558166504,7.440720558166504,7.440720558166504,7.440720558166504,7.440720558166504,7.440720558166504,7.440720558166504,7.440720558166504
bat,6,7.305595397949219,7.305595397949219,7.305595397949219,7.305595397949219,7.305595397949219,7.305595397949219,7.305595397949219,7.305595397949219
pitch,0,166.21749877929688,166.21749877929688,166.21749877929688,166.21749877929688,166.21749877929688,166.21749877929688,166.21749877929688,166.21749877929688
pitch,3,6.566411972045898,6.566411972045898,6.566411972045898,6.566411972045898,6.566411972045898,6.566411972045898,6.566411972045898,6.566411972045898
pitch,6,7.504758358001709,7.504758358001709,7.504758358001709,7.504758358001709,7.504758358001709,7.504758358001709,7.504758358001709,7.504758358001709
