lemma,layer,value
bank,0,0.7593303870828747
bank,3,1.725111188514817
bank,6,1.6598654993514255
bat,0,0.6776859153605601
bat,3,1.2881567413688004
bat,6,1.3081919871549736
pitch,0,0.8230206772953287
pitch,3,1.5644728726360941
pitch,6,1.6647504774028534
