lemma,layer,seed_42,seed_123,seed_456,seed_789,seed_1011,seed_1213,seed_1415,median
bank,0,0.47057380299920687,0.47057380299920687,0.47057380299920687,0.47057380299920687,0.47057380299920687,0.47057380299920687,0.47057380299920687,0.47057380299920687
bank,3,1.817104150161885,1.817104150161885,1.817104150161885,1.817104150161885,1.817104150161885,1.817104150161885,1.817104150161885,1.817104150161885
bank,6,1.9640582689368615,1.9640582689368615,1.9640582689368615,1.9640582689368615,1.9640582689368615,1.9640582689368615,1.9640582689368615,1.9640582689368615
bat,0,0.4421453364253655,0.4421453364253655,0.4421453364253655,0.4421453364253655,0.4421453364253655,0.4421453364253655,0.4421453364253655,0.4421453364253655
bat,3,1.216916461140721,1.216916461140721,1.216916461140721,1.216916461140721,1.216916461140721,1.216916461140721,1.216916461140721,1.216916461140721
bat,6,1.3330721648245611,1.3330721648245611,1.3330721648245611,1.3330721648245611,1.3330721648245611,1.3330721648245611,1.3330721648245611,1.3330721648245611
pitch,0,0.5880314750552306,0.5880314750552306,0.5880314750552306,0.5880314750552306,0.5880314750552306,0.5880314750552306,0.5880314750552306,0.5880314750552306
pitch,3,1.5743453082850314,1.5743453082850314,1.5743453082850314,1.5743453082850314,1.5743453082850314,1.5743453082850314,1.5743453082850314,1.5743453082850314
pitch,6,1.5510608561254449,1.5510608561254449,1.5510608561254449,1.5510608561254449,1.5510608561254449,1.5510608561254449,1.5510608561254449,1.5510608561254449
