lemma,layer,value
bank,0,0.1788410085844414
bank,3,0.26055354931446617
bank,6,0.6415277258301356
bat,0,0.5064031317037582
bat,3,0.6851059639837715
bat,6,0.8123117587383102
pitch,0,0.14579263497931902
pitch,3,0.6041798060260417
pitch,6,0.026561126200504305
