lemma,layer,seed_42,seed_123,seed_456,seed_789,seed_1011,seed_1213,seed_1415,median
bank,0,0.05966764488657579,0.05966764488657579,0.05966764488657579,0.05966764488657579,0.05966764488657579,0.05966764488657579,0.05966764488657579,0.05966764488657579
bank,3,0.9572176374872717,0.9572176374872717,0.9572176374872717,0.9572176374872717,0.9572176374872717,0.9572176374872717,0.9572176374872717,0.9572176374872717
bank,6,0.9673111388064688,0.9673111388064688,0.9673111388064688,0.9673111388064688,0.9673111388064688,0.9673111388064688,0.9673111388064688,0.9673111388064688
bat,0,0.610426694849563,0.610426694849563,0.610426694849563,0.610426694849563,0.610426694849563,0.610426694849563,0.610426694849563,0.610426694849563
bat,3,0.6498663961707078,0.6498663961707078,0.6498663961707078,0.6498663961707078,0.6498663961707078,0.6498663961707078,0.6498663961707078,0.6498663961707078
bat,6,0.8248034137518954,0.8248034137518954,0.8248034137518954,0.8248034137518954,0.8248034137518954,0.8248034137518954,0.8248034137518954,0.8248034137518954
pitch,0,0.14195847337755507,0.14195847337755507,0.14195847337755507,0.14195847337755507,0.14195847337755507,0.14195847337755507,0.14195847337755507,0.14195847337755507
pitch,3,0.9036150250553168,0.9036150250553168,0.9036150250553168,0.9036150250553168,0.9036150250553168,0.9036150250553168,0.9036150250553168,0.9036150250553168
pitch,6,0.7837382421504386,0.7837382421504386,0.7837382421504386,0.7837382421504386,0.7837382421504386,0.7837382421504386,0.7837382421504386,0.7837382421504386
