lemma,layer,value
bank,0,0.8456833958625793
bank,3,0.01632048189640045
bank,6,0.11264720559120178
bat,0,0.8401313424110413
bat,3,0.298645555973053
bat,6,0.1915765404701233
pitch,0,0.9051646590232849
pitch,3,0.06043917313218117
pitch,6,-0.0016721811844035983
