lemma,layer,seed_42,seed_123,seed_456,seed_789,seed_1011,seed_1213,seed_1415,median
bank,0,0.9827446341514587,0.9827446341514587,0.9827446341514587,0.9827446341514587,0.9827446341514587,0.9827446341514587,0.9827446341514587,0.9827446341514587
bank,3,0.06783749163150787,0.06783749163150787,0.06783749163150787,0.06783749163150787,0.06783749163150787,0.06783749163150787,0.06783749163150787,0.06783749163150787
bank,6,0.055060237646102905,0.055060237646102905,0.055060237646102905,0.055060237646102905,0.055060237646102905,0.055060237646102905,0.055060237646102905,0.055060237646102905
bat,0,0.8448808789253235,0.8448808789253235,0.8448808789253235,0.8448808789253235,0.8448808789253235,0.8448808789253235,0.8448808789253235,0.8448808789253235
bat,3,0.2919779419898987,0.2919779419898987,0.2919779419898987,0.2919779419898987,0.2919779419898987,0.2919779419898987,0.2919779419898987,0.2919779419898987
bat,6,0.18706783652305603,0.18706783652305603,0.18706783652305603,0.18706783652305603,0.18706783652305603,0.18706783652305603,0.18706783652305603,0.18706783652305603
pitch,0,0.9438992142677307,0.9438992142677307,0.9438992142677307,0.9438992142677307,0.9438992142677307,0.9438992142677307,0.9438992142677307,0.9438992142677307
pitch,3,0.13628259301185608,0.13628259301185608,0.13628259301185608,0.13628259301185608,0.13628259301185608,0.13628259301185608,0.13628259301185608,0.13628259301185608
pitch,6,0.12920185923576355,0.12920185923576355,0.12920185923576355,0.12920185923576355,0.12920185923576355,0.12920185923576355,0.12920185923576355,0.12920185923576355
