lemma,layer,seed_42,seed_123,seed_456,seed_789,seed_1011,seed_1213,seed_1415,median
bank,0,0.03458240408061111,0.032418046838137204,0.00935065183065415,0.03458240408061111,0.025093942839689968,0.03758221658313113,0.016061756409812965,0.032418046838137204
bank,3,0.9130024418234666,0.9130024418234666,0.9130024418234666,0.9130024418234666,0.9130024418234666,0.9130024418234666,0.9130024418234666,0.9130024418234666
bank,6,0.8548152071189637,0.8548152071189637,0.8548152071189637,0.8548152071189637,0.8548152071189637,0.8548152071189637,0.8548152071189637,0.8548152071189637
bat,0,0.06842721477819695,0.033264033264033266,0.06842721477819695,0.11336453458138325,0.0,0.06842721477819695,0.06842721477819695,0.06842721477819695
bat,3,0.874983738779758,0.874983738779758,0.874983738779758,0.874983738779758,0.874983738779758,0.874983738779758,0.874983738779758,0.874983738779758
bat,6,0.874983738779758,0.874983738779758,0.874983738779758,0.874983738779758,0.874983738779758,0.874983738779758,0.874983738779758,0.874983738779758
pitch,0,0.0,0.0,0.0,0.0,0.0,0.0,0.0,0.0
pitch,3,0.8173478931162746,0.8173478931162746,0.8173478931162746,0.8173478931162746,0.8173478931162746,0.8173478931162746,0.8173478931162746,0.8173478931162746
pitch,6,0.9048110594261224,0.9048110594261224,0.9048110594261224,0.9048110594261224,0.9048110594261224,0.9048110594261224,0.9048110594261224,0.9048110594261224
