lemma,layer,value
bank,0,18.69277000427246
bank,3,36.02567672729492
bank,6,38.48585510253906
bat,0,9.816146850585938
bat,3,17.956716537475586
bat,6,20.516433715820312
pitch,0,26.474287033081055
pitch,3,27.946584701538086
pitch,6,50.392398834228516
