lemma,layer,seed_42,seed_123,seed_456,seed_789,seed_1011,seed_1213,seed_1415,median
bank,0,141.65023803710938,142.44659423828125,135.3097381591797,141.65023803710938,142.68508911132812,136.43856811523438,140.1026611328125,141.65023803710938
bank,3,419.1273193359375,419.1273193359375,419.1273193359375,419.1273193359375,419.1273193359375,419.1273193359375,419.1273193359375,419.1273193359375
bank,6,849.0283203125,849.0283203125,849.0283203125,849.0283203125,849.0283203125,849.0283203125,849.0283203125,849.0283203125
bat,0,10.786788940429688,9.888921737670898,10.786788940429688,10.576156616210938,9.889141082763672,10.786788940429688,10.786788940429688,10.786788940429688
bat,3,18.029895782470703,18.029895782470703,18.029895782470703,18.029895782470703,18.029895782470703,18.029895782470703,18.029895782470703,18.029895782470703
bat,6,20.616323471069336,20.616323471069336,20.616323471069336,20.616323471069336,20.616323471069336,20.616323471069336,20.616323471069336,20.616323471069336
pitch,0,27.065996170043945,27.065996170043945,27.065996170043945,27.065996170043945,27.065996170043945,27.065996170043945,27.065996170043945,27.065996170043945
pitch,3,27.909196853637695,27.909196853637695,27.909196853637695,27.909196853637695,27.909196853637695,27.909196853637695,27.909196853637695,27.909196853637695
pitch,6,49.91520690917969,49.91520690917969,49.91520690917969,49.91520690917969,49.91520690917969,49.91520690917969,49.91520690917969,49.91520690917969
