lemma,layer,seed_42,seed_123,seed_456,seed_789,seed_1011,seed_1213,seed_1415,median
bank,0,18.69277000427246,18.967588424682617,18.69277000427246,18.69277000427246,17.844324111938477,18.967588424682617,17.735628128051758,18.69277000427246
bank,3,36.02567672729492,36.02567672729492,36.02567672729492,35.775177001953125,36.02567672729492,36.02567672729492,36.02567672729492,36.02567672729492
bank,6,38.48585510253906,38.48585510253906,38.48585510253906,38.48585510253906,38.48585510253906,38.48585510253906,38.48585510253906,38.48585510253906
bat,0,9.816146850585938,9.816146850585938,9.816146850585938,9.816146850585938,9.816146850585938,9.816146850585938,9.816146850585938,9.816146850585938
bat,3,17.956716537475586,17.956716537475586,17.956716537475586,17.956716537475586,17.956716537475586,17.956716537475586,17.956716537475586,17.956716537475586
bat,6,20.516433715820312,20.516433715820312,20.516433715820312,20.516433715820312,20.516433715820312,20.516433715820312,20.516433715820312,20.516433715820312
pitch,0,26.474287033081055,26.474287033081055,26.474287033081055,26.474287033081055,26.474287033081055,26.474287033081055,26.474287033081055,26.474287033081055
pitch,3,27.946584701538086,27.946584701538086,27.946584701538086,27.946584701538086,27.946584701538086,27.946584701538086,27.946584701538086,27.946584701538086
pitch,6,50.392398834228516,50.392398834228516,50.392398834228516,50.392398834228516,50.392398834228516,50.392398834228516,50.392398834228516,50.392398834228516
