lemma,layer,value
bank,0,2.1003517615011926
bank,3,1.3333126399587771
bank,6,1.3722156884805943
bat,0,1.5566780552107011
bat,3,1.2006655156049897
bat,6,1.1030268189788175
pitch,0,1.7090560999275968
pitch,3,1.4605300007888031
pitch,6,1.0584689208075018
