lemma,layer,seed_42,seed_123,seed_456,seed_789,seed_1011,seed_1213,seed_1415,median
bank,0,2.1003517615011926,1.9445684787099067,2.1003517615011926,2.1003517615011926,2.1526661655302872,1.9445684787099067,2.1594804649764128,2.1003517615011926
bank,3,1.3333126399587771,1.3333126399587771,1.3333126399587771,1.1266871624358792,1.3333126399587771,1.3333126399587771,1.3333126399587771,1.3333126399587771
bank,6,1.3722156884805943,1.3722156884805943,1.3722156884805943,1.3722156884805943,1.3722156884805943,1.3722156884805943,1.3722156884805943,1.3722156884805943
bat,0,1.5566780552107011,1.5566780552107011,1.5566780552107011,1.5566780552107011,1.5566780552107011,1.5566780552107011,1.5566780552107011,1.5566780552107011
bat,3,1.2006655156049897,1.2006655156049897,1.2006655156049897,1.2006655156049897,1.2006655156049897,1.2006655156049897,1.2006655156049897,1.2006655156049897
bat,6,1.1030268189788175,1.1030268189788175,1.1030268189788175,1.1030268189788175,1.1030268189788175,1.1030268189788175,1.1030268189788175,1.1030268189788175
pitch,0,1.7090560999275968,1.7090560999275968,1.7090560999275968,1.7090560999275968,1.7090560999275968,1.7090560999275968,1.7090560999275968,1.7090560999275968
pitch,3,1.4605300007888031,1.4605300007888031,1.4605300007888031,1.4605300007888031,1.4605300007888031,1.4605300007888031,1.4605300007888031,1.4605300007888031
pitch,6,1.0584689208075018,1.0584689208075018,1.0584689208075018,1.0584689208075018,1.0584689208075018,1.0584689208075018,1.0584689208075018,1.0584689208075018
