lemma,layer,seed_42,seed_123,seed_456,seed_789,seed_1011,seed_1213,seed_1415,median
bank,0,2.6256027888796285,2.6450106407415124,2.7391876256559975,2.6256027888796285,2.6594430835215483,2.622148819704613,2.697095728381647,2.6450106407415124
bank,3,1.5140691182990569,1.5140691182990569,1.5140691182990569,1.5140691182990569,1.5140691182990569,1.5140691182990569,1.5140691182990569,1.5140691182990569
bank,6,1.052204716344796,1.052204716344796,1.052204716344796,1.052204716344796,1.052204716344796,1.052204716344796,1.052204716344796,1.052204716344796
bat,0,1.5510389934074005,1.6739201586832702,1.5510389934074005,1.5949646049501185,1.6409816728708944,1.5510389934074005,1.5510389934074005,1.5510389934074005
bat,3,1.2673393121333425,1.2673393121333425,1.2673393121333425,1.2673393121333425,1.2673393121333425,1.2673393121333425,1.2673393121333425,1.2673393121333425
bat,6,1.1698680622584496,1.1698680622584496,1.1698680622584496,1.1698680622584496,1.1698680622584496,1.1698680622584496,1.1698680622584496,1.1698680622584496
pitch,0,1.7270157816592646,1.7270157816592646,1.7270157816592646,1.7270157816592646,1.7270157816592646,1.7270157816592646,1.7270157816592646,1.7270157816592646
pitch,3,1.4717522361581226,1.4717522361581226,1.4717522361581226,1.4717522361581226,1.4717522361581226,1.4717522361581226,1.4717522361581226,1.4717522361581226
pitch,6,1.0674279221782639,1.0674279221782639,1.0674279221782639,1.0674279221782639,1.0674279221782639,1.0674279221782639,1.0674279221782639,1.0674279221782639
