lemma,layer,seed_42,seed_123,seed_456,seed_789,seed_1011,seed_1213,seed_1415,median
bank,0,0.0,0.0,0.0,0.0,0.0,0.0,0.0,0.0
bank,3,0.8409954923351354,0.8409954923351354,0.8409954923351354,0.5990618808423337,0.8409954923351354,0.8409954923351354,0.8409954923351354,0.8409954923351354
bank,6,1.0,1.0,1.0,1.0,1.0,1.0,1.0,1.0
bat,0,0.10726824965757208,0.10726824965757208,0.10726824965757208,0.10726824965757208,0.10726824965757208,0.10726824965757208,0.10726824965757208,0.10726824965757208
bat,3,1.0,1.0,1.0,1.0,1.0,1.0,1.0,1.0
bat,6,1.0,1.0,1.0,1.0,1.0,1.0,1.0,1.0
pitch,0,0.0,0.0,0.0,0.0,0.0,0.0,0.0,0.0
pitch,3,0.6810286521575917,0.6810286521575917,0.6810286521575917,0.6810286521575917,0.6810286521575917,0.6810286521575917,0.6810286521575917,0.6810286521575917
pitch,6,0.8008084922779263,0.8008084922779263,0.8008084922779263,0.8008084922779263,0.8008084922779263,0.8008084922779263,0.8008084922779263,0.8008084922779263
