lemma,layer,seed_42,seed_123,seed_456,seed_789,seed_1011,seed_1213,seed_1415,median
bank,0,0.026480261305853677,0.02445107734940988,0.00763836865958784,0.026480261305853677,0.01891008031030976,0.029813388874095344,0.012311384950939662,0.02445107734940988
bank,3,0.8680409965908295,0.8680409965908295,0.8680409965908295,0.8680409965908295,0.8680409965908295,0.8680409965908295,0.8680409965908295,0.8680409965908295
bank,6,0.8047457542312605,0.8047457542312605,0.8047457542312605,0.8047457542312605,0.8047457542312605,0.8047457542312605,0.8047457542312605,0.8047457542312605
bat,0,0.11430932008616793,0.04993255400015873,0.11430932008616793,0.142138339899119,0.0,0.11430932008616793,0.11430932008616793,0.11430932008616793
bat,3,0.8248034137518954,0.8248034137518954,0.8248034137518954,0.8248034137518954,0.8248034137518954,0.8248034137518954,0.8248034137518954,0.8248034137518954
bat,6,0.8248034137518954,0.8248034137518954,0.8248034137518954,0.8248034137518954,0.8248034137518954,0.8248034137518954,0.8248034137518954,0.8248034137518954
pitch,0,0.0,0.0,0.0,0.0,0.0,0.0,0.0,0.0
pitch,3,0.6882573239191555,0.6882573239191555,0.6882573239191555,0.6882573239191555,0.6882573239191555,0.6882573239191555,0.6882573239191555,0.6882573239191555
pitch,6,0.8055927984137324,0.8055927984137324,0.8055927984137324,0.8055927984137324,0.8055927984137324,0.8055927984137324,0.8055927984137324,0.8055927984137324
