lemma,layer,seed_42,seed_123,seed_456,seed_789,seed_1011,seed_1213,seed_1415,median
bank,0,0.21288758516311646,0.21364672482013702,0.21288758516311646,0.21288758516311646,0.21145594120025635,0.21364672482013702,0.2113773226737976,0.21288758516311646
bank,3,0.3277266025543213,0.3277266025543213,0.3277266025543213,0.34837672114372253,0.3277266025543213,0.3277266025543213,0.3277266025543213,0.3277266025543213
bank,6,0.341272234916687,0.341272234916687,0.341272234916687,0.341272234916687,0.341272234916687,0.341272234916687,0.341272234916687,0.341272234916687
bat,0,0.28989407420158386,0.28989407420158386,0.28989407420158386,0.28989407420158386,0.28989407420158386,0.28989407420158386,0.28989407420158386,0.28989407420158386
bat,3,0.34860262274742126,0.34860262274742126,0.34860262274742126,0.34860262274742126,0.34860262274742126,0.34860262274742126,0.34860262274742126,0.34860262274742126
bat,6,0.37682396173477173,0.37682396173477173,0.37682396173477173,0.37682396173477173,0.37682396173477173,0.37682396173477173,0.37682396173477173,0.37682396173477173
pitch,0,0.26439836621284485,0.26439836621284485,0.26439836621284485,0.26439836621284485,0.26439836621284485,0.26439836621284485,0.26439836621284485,0.26439836621284485
pitch,3,0.26193591952323914,0.26193591952323914,0.26193591952323914,0.26193591952323914,0.26193591952323914,0.26193591952323914,0.26193591952323914,0.26193591952323914
pitch,6,0.39050978422164917,0.39050978422164917,0.39050978422164917,0.39050978422164917,0.39050978422164917,0.39050978422164917,0.39050978422164917,0.39050978422164917
