lemma,layer,value
bank,0,0.0
bank,4,0.6776135603488533
bank,8,1.0
bank,12,1.0
bat,0,0.06415295773280924
bat,4,1.0
bat,8,1.0
bat,12,1.0
pitch,0,0.0
pitch,4,0.855805791167008
pitch,8,0.9002335605298161
pitch,12,0.9002335605298161
