lemma,layer,value
bank,0,1.7440389394760132
bank,4,34.28007888793945
bank,8,35.32311248779297
bank,12,30.878307342529297
bat,0,4.322516441345215
bat,4,17.757699966430664
bat,8,17.157184600830078
bat,12,14.473175048828125
pitch,0,2.102942943572998
pitch,4,24.55974578857422
pitch,8,23.619796752929688
pitch,12,28.656801223754883
