lemma,layer,value
bank,0,6.13897971218259
bank,4,1.3292513410120814
bank,8,1.4051710893025218
bank,12,1.5265093478855807
bat,0,2.4210695672455613
bat,4,1.243845479825861
bat,8,1.2290366182892294
bat,12,1.3215083134473515
pitch,0,5.043398081437533
pitch,4,1.5208769038778491
pitch,8,1.5459273230800028
pitch,12,1.4065273446455058
