lemma,layer,value
bank,0,0.0
bank,4,0.5990618808423337
bank,8,1.0
bank,12,1.0
bat,0,0.10726824965757208
bat,4,1.0
bat,8,1.0
bat,12,1.0
pitch,0,0.0
pitch,4,0.778778762752192
pitch,8,0.8008084922779263
pitch,12,0.8008084922779263
