lemma,layer,value
bank,0,0.026465879753232002
bank,4,0.30857136845588684
bank,8,0.31867241859436035
bank,12,0.30600041151046753
bat,0,0.1469389945268631
bat,4,0.3475123345851898
bat,8,0.35300540924072266
bat,12,0.3146854341030121
pitch,0,0.008916658349335194
pitch,4,0.2542210519313812
pitch,8,0.2536430358886719
pitch,12,0.28930190205574036
