lemma,layer,value
bank,0,0.26552672702147717
bank,4,0.9053781574220039
bank,8,0.7259032046604247
bank,12,1.0
bat,0,0.6151565234299047
bat,4,0.7338286713286714
bat,8,0.6151565234299047
bat,12,0.8620856990343088
pitch,0,0.28175299872679754
pitch,4,0.5551587184843046
pitch,8,0.6044917003505448
pitch,12,0.0
