lemma,layer,value
bank,0,0.8116053094372424
bank,4,1.806213526447574
bank,8,1.406495013419253
bank,12,1.2909345028466732
bat,0,0.6885519781356702
bat,4,1.6553413929981358
bat,8,1.363867122217946
bat,12,1.5048789934535085
pitch,0,0.8221541769522172
pitch,4,1.6046434136572465
pitch,8,1.696232366349765
pitch,12,1.639847879655695
