lemma,layer,value
bank,0,0.0
bank,4,0.0
bank,8,0.0
bank,12,0.0
bat,0,0.11405295315682282
bat,4,0.11405295315682282
bat,8,0.11405295315682282
bat,12,0.11405295315682282
pitch,0,0.0
pitch,4,0.0
pitch,8,0.0
pitch,12,0.0
