lemma,layer,value
bank,0,0.49934977293014526
bank,4,0.9879308342933655
bank,8,1.043416142463684
bank,12,1.1721546649932861
bat,0,0.7350700497627258
bat,4,2.804579973220825
bat,8,2.6154122352600098
bat,12,2.2887938022613525
pitch,0,1.4790962934494019
pitch,4,0.9044703245162964
pitch,8,0.8408840894699097
pitch,12,0.8703820705413818
