lemma,layer,value
bank,0,13.028548470550314
bank,4,9.171851409681004
bank,8,8.896843283714716
bank,12,8.324723651579259
bat,0,5.980021414942556
bat,4,3.0360016707941773
bat,8,3.1204101721582624
bat,12,3.3376407444405043
pitch,0,7.545224759878271
pitch,4,9.625668581840513
pitch,8,9.946400772794338
pitch,12,9.671160177698965
