lemma,layer,value
bank,0,0.0
bank,4,0.0
bank,8,0.0
bank,12,0.0
bat,0,0.11091661351673915
bat,4,0.11091661351673915
bat,8,0.11091661351673915
bat,12,0.11091661351673915
pitch,0,0.0
pitch,4,0.0
pitch,8,0.0
pitch,12,0.0
