lemma,layer,value
bank,0,-0.012581565417349339
bank,4,-0.001673370716162026
bank,8,-0.0008675736607983708
bank,12,0.0002199875161750242
bat,0,-0.0046680583618581295
bat,4,0.06057353317737579
bat,8,0.056496258825063705
bat,12,0.04500671848654747
pitch,0,0.00405101478099823
pitch,4,-0.001411463599652052
pitch,8,-0.0022626242134720087
pitch,12,-0.0019230280304327607
