lemma,layer,value
bank,0,15.683497428894043
bank,4,34.28007888793945
bank,8,35.32311248779297
bank,12,30.878307342529297
bat,0,8.467855453491211
bat,4,17.757699966430664
bat,8,17.157184600830078
bat,12,14.473175048828125
pitch,0,20.51923179626465
pitch,4,27.381919860839844
pitch,8,26.690937042236328
pitch,12,33.11770248413086
