lemma,layer,value
bank,0,2.311473210528396
bank,4,1.4120890725482491
bank,8,1.4051710893025218
bank,12,1.5265093478855807
bat,0,1.7394449249945243
bat,4,1.2057504768998464
bat,8,1.2290366182892294
bat,12,1.3215083134473515
pitch,0,1.9994108897855625
pitch,4,1.4127043137217568
pitch,8,1.4475033524826888
pitch,12,1.3049129054371809
