lemma,layer,seed_42,seed_123,seed_456,seed_789,seed_1011,seed_1213,seed_1415,median
bank,0,0.0134130079692129,0.009842429178468247,0.00930259248341093,0.01956243283650973,0.0134130079692129,0.009730260964257366,0.0134130079692129,0.0134130079692129
bank,3,0.8876591103373316,0.8876591103373316,0.8876591103373316,0.8876591103373316,0.8876591103373316,0.8876591103373316,0.8876591103373316,0.8876591103373316
bank,6,0.851462960613787,0.851462960613787,0.851462960613787,0.851462960613787,0.851462960613787,0.851462960613787,0.851462960613787,0.851462960613787
bat,0,0.02641527510742188,0.02641527510742188,0.05864775253299035,0.02641527510742188,0.13868309290427597,0.02641527510742188,0.02641527510742188,0.02641527510742188
bat,3,0.8605914650528118,0.8605914650528118,0.8605914650528118,0.8605914650528118,0.8605914650528118,0.8605914650528118,0.8605914650528118,0.8605914650528118
bat,6,0.7234339026966532,0.7234339026966532,0.7234339026966532,0.7234339026966531,0.7234339026966532,0.7234339026966532,0.7234339026966532,0.7234339026966532
pitch,0,0.04906300499541734,0.04906300499541734,0.04906300499541734,0.04906300499541734,0.04906300499541734,0.04906300499541734,0.04906300499541734,0.04906300499541734
pitch,3,0.695769077069949,0.695769077069949,0.695769077069949,0.695769077069949,0.695769077069949,0.695769077069949,0.695769077069949,0.695769077069949
pitch,6,0.8108082864341375,0.8108082864341375,0.8108082864341375,0.8108082864341375,0.8108082864341375,0.8108082864341375,0.8108082864341375,0.8108082864341375
run,0,0.009185184005557947,0.009935233310401683,0.007605739559991422,0.009935233310401683,0.007605739559991422,0.015396454073992477,0.009935233310401683,0.009935233310401683
run,3,0.8322708251930985,0.8322708251930985,0.8322708251930985,0.8322708251930985,0.8420054175706658,0.8420054175706658,0.8322708251930985,0.8322708251930985
run,6,0.8623104280418064,0.8623104280418064,0.8623104280418064,0.8623104280418064,0.8623104280418064,0.8623104280418064,0.8623104280418064,0.8623104280418064
