lemma,layer,seed_42,seed_123,seed_456,seed_789,seed_1011,seed_1213,seed_1415,median
bank,0,0.011838455064233377,0.0071834680008798155,0.007861494238574332,0.00935065183065415,0.007208369272509232,0.0026565936003228856,0.005000960030189462,0.007208369272509232
bank,3,0.9130024418234666,0.9130024418234666,0.9130024418234666,0.9130024418234666,0.9130024418234666,0.9130024418234666,0.9130024418234666,0.9130024418234666
bank,6,0.8548152071189637,0.8548152071189637,0.8548152071189637,0.8548152071189637,0.8548152071189637,0.8548152071189637,0.8548152071189637,0.8548152071189637
bat,0,0.2942630414986341,0.033264033264033266,0.033264033264033266,0.033264033264033266,0.033264033264033266,0.033264033264033266,0.2942630414986341,0.033264033264033266
bat,3,0.874983738779758,0.874983738779758,0.874983738779758,0.874983738779758,0.874983738779758,0.874983738779758,0.874983738779758,0.874983738779758
bat,6,0.874983738779758,0.874983738779758,0.874983738779758,0.874983738779758,0.874983738779758,0.874983738779758,0.874983738779758,0.874983738779758
pitch,0,0.0,0.0,0.0,0.0,0.0,0.0,0.0,0.0
pitch,3,0.8173478931162746,0.8173478931162746,0.8173478931162746,0.8173478931162746,0.0,0.8173478931162746,0.8173478931162746,0.8173478931162746
pitch,6,0.9048110594261224,0.9048110594261224,0.9048110594261224,0.9048110594261224,0.9048110594261224,0.9048110594261224,0.9048110594261224,0.9048110594261224
