lemma,layer,seed_42,seed_123,seed_456,seed_789,seed_1011,seed_1213,seed_1415,median
bank,0,15.807395935058594,15.807395935058594,13.30260944366455,15.807395935058594,15.807395935058594,15.41182804107666,15.750001907348633,15.807395935058594
bank,3,35.73897933959961,35.73897933959961,35.73897933959961,35.73897933959961,35.73897933959961,35.73897933959961,35.73897933959961,35.73897933959961
bank,6,38.48585510253906,38.48585510253906,38.48585510253906,38.48585510253906,38.48585510253906,38.48585510253906,38.48585510253906,38.48585510253906
bat,0,8.462296485900879,8.847870826721191,8.847870826721191,8.847870826721191,8.462296485900879,8.462296485900879,4.387135982513428,8.462296485900879
bat,3,17.956716537475586,17.956716537475586,17.956716537475586,17.956716537475586,17.956716537475586,17.956716537475586,17.956716537475586,17.956716537475586
bat,6,20.516433715820312,20.516433715820312,20.516433715820312,20.516433715820312,20.516433715820312,20.516433715820312,20.516433715820312,20.516433715820312
pitch,0,21.105905532836914,20.315011978149414,17.444751739501953,20.315011978149414,20.315011978149414,20.315011978149414,20.315011978149414,20.315011978149414
pitch,3,27.946584701538086,10.14702033996582,27.946584701538086,27.946584701538086,27.946584701538086,27.946584701538086,9.942459106445312,27.946584701538086
pitch,6,50.392398834228516,50.392398834228516,50.392398834228516,50.392398834228516,50.392398834228516,50.392398834228516,50.392398834228516,50.392398834228516
