lemma,layer,value
bank,0,15.807395935058594
bank,3,35.73897933959961
bank,6,38.48585510253906
bat,0,8.462296485900879
bat,3,17.956716537475586
bat,6,20.516433715820312
pitch,0,21.105905532836914
pitch,3,27.946584701538086
pitch,6,50.392398834228516
