lemma,layer,seed_42,seed_123,seed_456,seed_789,seed_1011,seed_1213,seed_1415,median
bank,0,107.98932647705078,104.24288177490234,130.37721252441406,135.3097381591797,122.6198501586914,117.3757095336914,118.92137908935547,118.92137908935547
bank,3,419.1273193359375,419.1273193359375,419.1273193359375,419.1273193359375,419.1273193359375,419.1273193359375,419.1273193359375,419.1273193359375
bank,6,849.0283203125,849.0283203125,849.0283203125,849.0283203125,849.0283203125,849.0283203125,849.0283203125,849.0283203125
bat,0,8.627815246582031,9.888921737670898,9.888921737670898,9.888921737670898,9.888921737670898,9.888921737670898,5.068905830383301,9.888921737670898
bat,3,18.029895782470703,18.029895782470703,18.029895782470703,18.029895782470703,18.029895782470703,18.029895782470703,18.029895782470703,18.029895782470703
bat,6,20.616323471069336,20.616323471069336,20.616323471069336,20.616323471069336,20.616323471069336,20.616323471069336,20.616323471069336,20.616323471069336
pitch,0,21.521766662597656,21.521766662597656,21.521766662597656,21.521766662597656,21.521766662597656,21.946941375732422,21.521766662597656,21.521766662597656
pitch,3,27.909196853637695,27.909196853637695,27.909196853637695,27.909196853637695,9.698227882385254,27.909196853637695,27.909196853637695,27.909196853637695
pitch,6,49.91520690917969,49.91520690917969,49.91520690917969,49.91520690917969,49.91520690917969,49.91520690917969,49.91520690917969,49.91520690917969
