lemma,layer,seed_42,seed_123,seed_456,seed_789,seed_1011,seed_1213,seed_1415,median
bank,0,68.84105682373047,68.84105682373047,58.31722640991211,44.427860260009766,68.84105682373047,58.31722640991211,58.31722640991211,58.31722640991211
bank,3,206.98597717285156,206.98597717285156,206.98597717285156,206.98597717285156,206.98597717285156,206.98597717285156,206.98597717285156,206.98597717285156
bank,6,427.4443054199219,427.4443054199219,427.4443054199219,427.4443054199219,427.4443054199219,427.4443054199219,427.4443054199219,427.4443054199219
bat,0,8.622138023376465,8.622138023376465,6.422461032867432,6.422461032867432,6.422461032867432,12.71922779083252,12.71922779083252,8.622138023376465
bat,3,18.962080001831055,18.962080001831055,18.962080001831055,18.962080001831055,18.962080001831055,18.962080001831055,18.962080001831055,18.962080001831055
bat,6,21.618572235107422,21.618572235107422,21.618572235107422,21.618572235107422,21.618572235107422,21.618572235107422,21.618572235107422,21.618572235107422
pitch,0,19.03133201599121,11.613750457763672,21.98385238647461,21.98385238647461,21.98385238647461,22.446151733398438,21.98385238647461,21.98385238647461
pitch,3,28.054424285888672,28.054424285888672,28.054424285888672,28.054424285888672,28.054424285888672,28.054424285888672,28.054424285888672,28.054424285888672
pitch,6,50.051429748535156,50.051429748535156,50.051429748535156,50.051429748535156,50.051429748535156,50.051429748535156,50.051429748535156,50.051429748535156
run,0,53.61868667602539,48.67636489868164,49.950721740722656,47.62930679321289,59.381282806396484,56.597740173339844,52.051239013671875,52.051239013671875
run,3,184.32553100585938,184.32553100585938,184.32553100585938,184.32553100585938,184.32553100585938,184.32553100585938,184.32553100585938,184.32553100585938
run,6,227.48419189453125,227.48419189453125,227.48419189453125,227.48419189453125,227.48419189453125,227.48419189453125,227.48419189453125,227.48419189453125
