lemma,layer,value
bank,0,2.303313092083321
bank,3,1.3993918117299065
bank,6,1.3722156884805943
bat,0,1.7399356410873044
bat,3,1.2006655156049897
bat,6,1.1030268189788175
pitch,0,1.9949238904118303
pitch,3,1.4605300007888031
pitch,6,1.0584689208075018
