lemma,layer,seed_42,seed_123,seed_456,seed_789,seed_1011,seed_1213,seed_1415,median
bank,0,3.0750619865514994,3.05794220715665,2.768342615948788,2.7391876256559975,2.777231488333441,2.7643101330381414,2.7568350852985826,2.768342615948788
bank,3,1.5140691182990569,1.5140691182990569,1.5140691182990569,1.5140691182990569,1.5140691182990569,1.5140691182990569,1.5140691182990569,1.5140691182990569
bank,6,1.052204716344796,1.052204716344796,1.052204716344796,1.052204716344796,1.052204716344796,1.052204716344796,1.052204716344796,1.052204716344796
bat,0,1.8015431421321275,1.6739201586832702,1.6739201586832702,1.6739201586832702,1.6739201586832702,1.6739201586832702,2.3796901465050637,1.6739201586832702
bat,3,1.2673393121333425,1.2673393121333425,1.2673393121333425,1.2673393121333425,1.2673393121333425,1.2673393121333425,1.2673393121333425,1.2673393121333425
bat,6,1.1698680622584496,1.1698680622584496,1.1698680622584496,1.1698680622584496,1.1698680622584496,1.1698680622584496,1.1698680622584496,1.1698680622584496
pitch,0,2.0450740671961403,2.0450740671961403,2.0450740671961403,2.0450740671961403,2.0450740671961403,2.0336869568977187,2.0450740671961403,2.0450740671961403
pitch,3,1.4717522361581226,1.4717522361581226,1.4717522361581226,1.4717522361581226,2.517530162778532,1.4717522361581226,1.4717522361581226,1.4717522361581226
pitch,6,1.0674279221782639,1.0674279221782639,1.0674279221782639,1.0674279221782639,1.0674279221782639,1.0674279221782639,1.0674279221782639,1.0674279221782639
