lemma,layer,seed_42,seed_123,seed_456,seed_789,seed_1011,seed_1213,seed_1415,median
bank,0,2.303313092083321,2.303313092083321,2.196748414763221,2.303313092083321,2.303313092083321,2.2156802325183462,2.2627437372748185,2.303313092083321
bank,3,1.3993918117299065,1.3993918117299065,1.3993918117299065,1.3993918117299065,1.3993918117299065,1.3993918117299065,1.3993918117299065,1.3993918117299065
bank,6,1.3722156884805943,1.3722156884805943,1.3722156884805943,1.3722156884805943,1.3722156884805943,1.3722156884805943,1.3722156884805943,1.3722156884805943
bat,0,1.7399356410873044,1.684082383980913,1.684082383980913,1.684082383980913,1.7399356410873044,1.7399356410873044,2.4484966801079984,1.7399356410873044
bat,3,1.2006655156049897,1.2006655156049897,1.2006655156049897,1.2006655156049897,1.2006655156049897,1.2006655156049897,1.2006655156049897,1.2006655156049897
bat,6,1.1030268189788175,1.1030268189788175,1.1030268189788175,1.1030268189788175,1.1030268189788175,1.1030268189788175,1.1030268189788175,1.1030268189788175
pitch,0,1.9949238904118303,2.0087441861797357,2.079694592647765,2.0087441861797357,2.0087441861797357,2.0087441861797357,2.0087441861797357,2.0087441861797357
pitch,3,1.4605300007888031,2.485920319847856,1.4605300007888031,1.4605300007888031,1.4605300007888031,1.4605300007888031,2.331411233388549,1.4605300007888031
pitch,6,1.0584689208075018,1.0584689208075018,1.0584689208075018,1.0584689208075018,1.0584689208075018,1.0584689208075018,1.0584689208075018,1.0584689208075018
