lemma,layer,seed_42,seed_123,seed_456,seed_789,seed_1011,seed_1213,seed_1415,median
bank,0,0.00942385640016592,0.0064263491247856614,0.0067294236045322,0.00763836865958784,0.006763990829841385,0.0031809343366356467,0.005235212775955149,0.0067294236045322
bank,3,0.8680409965908295,0.8680409965908295,0.8680409965908295,0.8680409965908295,0.8680409965908295,0.8680409965908295,0.8680409965908295,0.8680409965908295
bank,6,0.8047457542312605,0.8047457542312605,0.8047457542312605,0.8047457542312605,0.8047457542312605,0.8047457542312605,0.8047457542312605,0.8047457542312605
bat,0,0.22712674510891698,0.04993255400015873,0.04993255400015873,0.04993255400015873,0.04993255400015873,0.04993255400015873,0.22712674510891698,0.04993255400015873
bat,3,0.8248034137518954,0.8248034137518954,0.8248034137518954,0.8248034137518954,0.8248034137518954,0.8248034137518954,0.8248034137518954,0.8248034137518954
bat,6,0.8248034137518954,0.8248034137518954,0.8248034137518954,0.8248034137518954,0.8248034137518954,0.8248034137518954,0.8248034137518954,0.8248034137518954
pitch,0,0.0,0.0,0.0,0.0,0.0,0.0,0.0,0.0
pitch,3,0.6882573239191555,0.6882573239191555,0.6882573239191555,0.6882573239191555,0.0,0.6882573239191555,0.6882573239191555,0.6882573239191555
pitch,6,0.8055927984137324,0.8055927984137324,0.8055927984137324,0.8055927984137324,0.8055927984137324,0.8055927984137324,0.8055927984137324,0.8055927984137324
