lemma,layer,seed_42,seed_123,seed_456,seed_789,seed_1011,seed_1213,seed_1415,median
bank,0,0.12342305481433868,0.12764954566955566,0.14059658348560333,0.14119058847427368,0.14155332744121552,0.145300030708313,0.14394402503967285,0.14119058847427368
bank,3,0.2743316888809204,0.2743316888809204,0.2743316888809204,0.2743316888809204,0.2743316888809204,0.2743316888809204,0.2743316888809204,0.2743316888809204
bank,6,0.4010583460330963,0.4010583460330963,0.4010583460330963,0.4010583460330963,0.4010583460330963,0.4010583460330963,0.4010583460330963,0.4010583460330963
bat,0,0.2605364918708801,0.28724247217178345,0.28724247217178345,0.28724247217178345,0.28724247217178345,0.28724247217178345,0.19653266668319702,0.28724247217178345
bat,3,0.3221738934516907,0.3221738934516907,0.3221738934516907,0.3221738934516907,0.3221738934516907,0.3221738934516907,0.3221738934516907,0.3221738934516907
bat,6,0.35341179370880127,0.35341179370880127,0.35341179370880127,0.35341179370880127,0.35341179370880127,0.35341179370880127,0.35341179370880127,0.35341179370880127
pitch,0,0.229728102684021,0.229728102684021,0.229728102684021,0.229728102684021,0.229728102684021,0.22723060846328735,0.229728102684021,0.229728102684021
pitch,3,0.25638535618782043,0.25638535618782043,0.25638535618782043,0.25638535618782043,0.06453253328800201,0.25638535618782043,0.25638535618782043,0.25638535618782043
pitch,6,0.3840242028236389,0.3840242028236389,0.3840242028236389,0.3840242028236389,0.3840242028236389,0.3840242028236389,0.3840242028236389,0.3840242028236389
