lemma,layer,value
bank,0,0.21273081004619598
bank,3,0.3202947676181793
bank,6,0.341272234916687
bat,0,0.26087525486946106
bat,3,0.34860262274742126
bat,6,0.37682396173477173
pitch,0,0.23544806241989136
pitch,3,0.26193591952323914
pitch,6,0.39050978422164917
