lemma,layer,seed_42,seed_123,seed_456,seed_789,seed_1011,seed_1213,seed_1415,median
bank,0,0.21273081004619598,0.21273081004619598,0.21105608344078064,0.21273081004619598,0.21273081004619598,0.2146938443183899,0.2083817571401596,0.21273081004619598
bank,3,0.3202947676181793,0.3202947676181793,0.3202947676181793,0.3202947676181793,0.3202947676181793,0.3202947676181793,0.3202947676181793,0.3202947676181793
bank,6,0.341272234916687,0.341272234916687,0.341272234916687,0.341272234916687,0.341272234916687,0.341272234916687,0.341272234916687,0.341272234916687
bat,0,0.26087525486946106,0.2731897234916687,0.2731897234916687,0.2731897234916687,0.26087525486946106,0.26087525486946106,0.17698650062084198,0.26087525486946106
bat,3,0.34860262274742126,0.34860262274742126,0.34860262274742126,0.34860262274742126,0.34860262274742126,0.34860262274742126,0.34860262274742126,0.34860262274742126
bat,6,0.37682396173477173,0.37682396173477173,0.37682396173477173,0.37682396173477173,0.37682396173477173,0.37682396173477173,0.37682396173477173,0.37682396173477173
pitch,0,0.23544806241989136,0.23616404831409454,0.22613319754600525,0.23616404831409454,0.23616404831409454,0.23616404831409454,0.23616404831409454,0.23616404831409454
pitch,3,0.26193591952323914,0.07439711689949036,0.26193591952323914,0.26193591952323914,0.26193591952323914,0.26193591952323914,0.07267603278160095,0.26193591952323914
pitch,6,0.39050978422164917,0.39050978422164917,0.39050978422164917,0.39050978422164917,0.39050978422164917,0.39050978422164917,0.39050978422164917,0.39050978422164917
