lemma,layer,seed_42,seed_123,seed_456,seed_789,seed_1011,seed_1213,seed_1415,median
bank,0,0.21886835992336273,0.21886835992336273,0.23315200209617615,0.1548941433429718,0.21886835992336273,0.23315200209617615,0.23315200209617615,0.21886835992336273
bank,3,0.4432279169559479,0.4432279169559479,0.4432279169559479,0.4432279169559479,0.4432279169559479,0.4432279169559479,0.4432279169559479,0.4432279169559479
bank,6,0.6037614345550537,0.6037614345550537,0.6037614345550537,0.6037614345550537,0.6037614345550537,0.6037614345550537,0.6037614345550537,0.6037614345550537
bat,0,0.31377992033958435,0.31377992033958435,0.22743603587150574,0.22743603587150574,0.22743603587150574,0.36027541756629944,0.36027541756629944,0.31377992033958435
bat,3,0.4476568102836609,0.4476568102836609,0.4476568102836609,0.4476568102836609,0.4476568102836609,0.4476568102836609,0.4476568102836609,0.4476568102836609
bat,6,0.4868411123752594,0.4868411123752594,0.4868411123752594,0.4868411123752594,0.4868411123752594,0.4868411123752594,0.4868411123752594,0.4868411123752594
pitch,0,0.3111279606819153,0.18955664336681366,0.3196841776371002,0.3196841776371002,0.3196841776371002,0.30872872471809387,0.3196841776371002,0.3196841776371002
pitch,3,0.4323582649230957,0.4323582649230957,0.4323582649230957,0.4323582649230957,0.4323582649230957,0.4323582649230957,0.4323582649230957,0.4323582649230957
pitch,6,0.5872237086296082,0.5872237086296082,0.5872237086296082,0.5872237086296082,0.5872237086296082,0.5872237086296082,0.5872237086296082,0.5872237086296082
run,0,0.21338574588298798,0.22963941097259521,0.18409323692321777,0.1816137582063675,0.21287378668785095,0.20981992781162262,0.21662726998329163,0.21287378668785095
run,3,0.43805915117263794,0.43805915117263794,0.43805915117263794,0.43805915117263794,0.43805915117263794,0.43805915117263794,0.43805915117263794,0.43805915117263794
run,6,0.48222827911376953,0.48222827911376953,0.48222827911376953,0.48222827911376953,0.48222827911376953,0.48222827911376953,0.48222827911376953,0.48222827911376953
