lemma,layer,seed_42,seed_123,seed_456,seed_789,seed_1011,seed_1213,seed_1415,median
bank,0,0.7325425148010254,1.2061876058578491,1.8255014419555664,1.2290334701538086,1.3512656688690186,0.6421892046928406,0.7769518494606018,1.2061876058578491
bank,3,0.5313639640808105,0.7721587419509888,1.5588780641555786,1.2031280994415283,0.6664398312568665,1.4029948711395264,1.2749768495559692,1.2031280994415283
bank,6,0.5179821252822876,0.6636902689933777,1.1626002788543701,1.914414644241333,0.8136775493621826,1.5804898738861084,1.3113805055618286,1.1626002788543701
bat,0,0.7225146889686584,1.022078037261963,0.5661248564720154,1.284440040588379,0.6041427850723267,0.6906720399856567,0.4745587706565857,0.6906720399856567
bat,3,3.4878344535827637,0.5297203063964844,1.566115379333496,1.232975721359253,0.6189082264900208,0.6249933838844299,0.8668310642242432,0.8668310642242432
bat,6,3.6729204654693604,0.5211422443389893,1.4406111240386963,1.0571835041046143,0.5874229669570923,0.7191559672355652,0.7962014079093933,0.7962014079093933
pitch,0,0.9270618557929993,1.308830976486206,0.8204007744789124,0.622821033000946,0.6479513049125671,0.1831958144903183,0.710919976234436,0.710919976234436
pitch,3,0.8325729370117188,0.6269246339797974,1.0361050367355347,0.8605052828788757,0.7193551063537598,0.8419300317764282,0.6498322486877441,0.8325729370117188
pitch,6,0.9784256219863892,0.5419368743896484,0.9191151857376099,0.7530571222305298,0.5743036866188049,0.9273875951766968,0.9256795644760132,0.9191151857376099
