lemma,layer,value
bank,0,0.48619401454925537
bank,3,1.078660249710083
bank,6,1.1170635223388672
bat,0,0.7111857533454895
bat,3,3.0560483932495117
bat,6,2.9379701614379883
pitch,0,1.4925644397735596
pitch,3,0.8329941034317017
pitch,6,0.8083470463752747
