lemma,layer,seed_42,seed_123,seed_456,seed_789,seed_1011,seed_1213,seed_1415,median
bank,0,0.48619401454925537,1.4288246631622314,0.9679552912712097,0.5754876732826233,0.8308740854263306,0.786998987197876,0.3159475028514862,0.786998987197876
bank,3,1.078660249710083,0.8307485580444336,1.947710394859314,0.7040825486183167,1.8972615003585815,1.1674799919128418,2.468841791152954,1.1674799919128418
bank,6,1.1170635223388672,0.6590377688407898,1.7981206178665161,0.6859503984451294,2.491806745529175,1.1557914018630981,2.855868101119995,1.1557914018630981
bat,0,0.7111857533454895,2.495716094970703,1.420508861541748,1.574554681777954,0.8272973299026489,0.7056946158409119,1.5322158336639404,1.420508861541748
bat,3,3.0560483932495117,1.0386013984680176,0.835888147354126,1.1567881107330322,0.7053582668304443,1.074414610862732,2.1416687965393066,1.074414610862732
bat,6,2.9379701614379883,1.0311205387115479,0.7058614492416382,1.1730587482452393,0.8721935153007507,1.0934464931488037,2.000483512878418,1.0934464931488037
pitch,0,1.4925644397735596,1.7150031328201294,0.8786062002182007,0.33413606882095337,1.110037088394165,1.2926630973815918,0.7839933037757874,1.110037088394165
pitch,3,0.8329941034317017,0.7049678564071655,0.807205855846405,0.6198400855064392,0.8127185106277466,1.1524380445480347,0.6497039198875427,0.807205855846405
pitch,6,0.8083470463752747,0.7384056448936462,0.788951575756073,0.7753983736038208,0.6917019486427307,0.8985767960548401,0.891922652721405,0.788951575756073
