lemma,layer,seed_42,seed_123,seed_456,seed_789,seed_1011,seed_1213,seed_1415,median
bank,0,13.221257927973415,7.642928267139302,9.377198517240402,12.16220732168019,9.999493519242066,10.363310135387698,16.41184658510297,10.363310135387698
bank,3,8.711043626252904,9.851310162784094,6.501627366315427,10.79241059788459,6.551969616894561,8.35947599526211,5.7799057789974135,8.35947599526211
bank,6,8.48032487601246,10.952072109183352,6.699692721433026,10.833324849683274,5.663480443222675,8.330148143797464,5.3355131176249175,8.330148143797464
bat,0,6.078683213784334,3.1918963990952123,4.226739791487176,4.043305075392653,5.436552168083384,6.0906136187978746,3.961974064957522,4.226739791487176
bat,3,2.894583464699479,4.92997121928521,5.530085509679908,4.704186987649112,5.7606156180468515,4.900737780689002,3.2900918067437743,4.900737780689002
bat,6,2.9402519756815018,4.915575674845701,6.006209929500133,4.644297023654474,5.181107574665739,4.834501519051071,3.4007619730669787,4.834501519051071
pitch,0,7.516270330267456,6.942732312105616,9.80846529496761,15.91446084663577,8.678516400475115,8.048222092383062,10.377495302003616,8.678516400475115
pitch,3,10.01624526878559,10.793855688204546,10.177252580611775,11.610710903591391,10.026141021297104,8.49961104404736,11.327619301965557,10.177252580611775
pitch,6,9.935494158545918,10.290723952192819,10.058307373842688,10.155143977435685,10.60181422462997,9.413152225318832,9.445074847742406,10.058307373842688
