lemma,layer,seed_42,seed_123,seed_456,seed_789,seed_1011,seed_1213,seed_1415,median
bank,0,37.368427236443374,29.0821158029429,23.669829341108393,28.84558537004452,27.504741166945912,39.90796986604594,36.2798312148758,29.0821158029429
bank,3,43.61455168704422,36.136577748518555,25.46282154116687,28.973745141085878,38.93732921577716,26.829523692376686,28.144549222978863,28.973745141085878
bank,6,44.38012914861549,39.153313845351356,29.625504143734254,23.075414090233753,35.402492644171716,25.394229934924784,27.882374912966284,29.625504143734254
bat,0,6.3617009578616335,5.283111091778362,7.165237962573435,4.778510119225666,6.7096758002009125,6.4839351467398165,7.523185332580163,6.4839351467398165
bat,3,2.855408875117717,7.302963377281443,4.293598906767807,4.851992481906757,6.568752847730129,6.806845680162108,5.552033032988675,5.552033032988675
bat,6,2.7644536982425816,7.29307346183482,4.438543363532341,5.192440629804001,6.787611831583666,6.301121442625869,5.763460794954549,5.763460794954549
pitch,0,9.876488967118616,8.35042788123614,10.561168720583375,12.102068423346589,11.810354768769926,22.1948734369643,11.336779784392954,11.336779784392954
pitch,3,10.386238900067886,11.963968247286463,9.32953340197766,10.234220595416321,11.127126783055127,10.293175490239788,11.778388113957009,10.386238900067886
pitch,6,9.37236557165557,12.537791160629203,9.683147796387692,10.693376267427727,12.15414350840183,9.57959065611918,9.641238678716316,9.683147796387692
