lemma,layer,value
bank,0,13.221257927973415
bank,3,8.711043626252904
bank,6,8.48032487601246
bat,0,6.078683213784334
bat,3,2.894583464699479
bat,6,2.9402519756815018
pitch,0,7.516270330267456
pitch,3,10.01624526878559
pitch,6,9.935494158545918
