lemma,layer,seed_42,seed_123,seed_456,seed_789,seed_1011,seed_1213,seed_1415,median
bank,0,-0.0003569659311324358,0.00042908272007480264,0.0013248915784060955,0.0002733384317252785,0.0008401513914577663,-0.00037084866198711097,-0.00036579277366399765,0.0002733384317252785
bank,3,-0.0005134108942002058,-0.00016015709843486547,0.0006007939809933305,0.000426350103225559,-0.0003843691374640912,0.0003517119330354035,-3.566468512872234e-05,-3.566468512872234e-05
bank,6,-0.0005277842283248901,-0.00045608115033246577,0.0003556575102265924,0.0009467790368944407,-0.00024157580628525466,0.0006269299192354083,0.0001510105503257364,0.0001510105503257364
bat,0,-0.012601310387253761,0.006048065144568682,-0.01757965050637722,0.0009183231741189957,0.006136187352240086,-0.02585485950112343,-0.031059229746460915,-0.012601310387253761
bat,3,0.07458987087011337,-0.01811588555574417,0.020067166537046432,0.008466118946671486,-0.002899591811001301,-0.015862347558140755,-0.006493654567748308,-0.002899591811001301
bat,6,0.07384821027517319,-0.018019413575530052,0.020239505916833878,0.007284952327609062,0.006350846029818058,-0.015071438625454903,-0.004452271852642298,0.006350846029818058
pitch,0,-0.0056523410603404045,0.002922683721408248,-0.004659895319491625,-0.004407110158354044,-0.008401175029575825,-0.014091740362346172,-0.007366649806499481,-0.0056523410603404045
pitch,3,-0.0010436826851218939,-0.002982162404805422,-0.00043559324694797397,-0.002234363229945302,-0.0025483036879450083,-0.0014949492178857327,-0.00476532056927681,-0.002234363229945302
pitch,6,0.0017404926475137472,-0.005947485100477934,-0.002452066633850336,-0.004683428443968296,-0.005654949229210615,-0.0026089935563504696,-0.0027643677312880754,-0.0027643677312880754
