lemma,layer,value
bank,0,-0.012699365615844727
bank,3,-0.0007669006590731442
bank,6,-0.00071582046803087
bat,0,-0.0055630747228860855
bat,3,0.06988482922315598
bat,6,0.057259198278188705
pitch,0,0.004179574083536863
pitch,3,-0.001926966360770166
pitch,6,-0.002189343562349677
