lemma,layer,seed_42,seed_123,seed_456,seed_789,seed_1011,seed_1213,seed_1415,median
bank,0,-0.012699365615844727,0.010815972462296486,-0.00022393619292415679,-0.009344995021820068,-0.0023498819209635258,-0.009221152402460575,-0.012228305451571941,-0.009221152402460575
bank,3,-0.0007669006590731442,-0.003233647672459483,0.009622438810765743,-0.003488644026219845,0.017372334375977516,-0.0006846783217042685,0.017438538372516632,-0.0006846783217042685
bank,6,-0.00071582046803087,-0.006795658729970455,0.009441345930099487,-0.0032266059424728155,0.020500075072050095,-0.0013236121740192175,0.019745109602808952,-0.00071582046803087
bat,0,-0.0055630747228860855,0.057071998715400696,0.030392320826649666,0.036681897938251495,0.014327296055853367,-0.01652480848133564,0.005546335596591234,0.014327296055853367
bat,3,0.06988482922315598,-0.004174548666924238,-0.008491136133670807,0.004809905309230089,-0.0037640950176864862,0.0015270982403308153,0.019540738314390182,0.0015270982403308153
bat,6,0.057259198278188705,-0.007965200580656528,-0.013797270134091377,0.0029884418472647667,0.005698205903172493,-0.001516966032795608,0.01866675168275833,0.0029884418472647667
pitch,0,0.004179574083536863,0.004243555944412947,0.0012279071379452944,-0.009467948228120804,0.005370216444134712,0.006324997171759605,-0.0031838365830481052,0.004179574083536863
pitch,3,-0.001926966360770166,-0.003921013791114092,-0.002851238939911127,-0.005152102094143629,-0.0036266741808503866,0.0014132936485111713,-0.004421667195856571,-0.0036266741808503866
pitch,6,-0.002189343562349677,-0.003384034149348736,-0.0023991474881768227,-0.003896314650774002,-0.005931418854743242,-0.0014071724144741893,-0.0036322542000561953,-0.003384034149348736
